review_id,product_id,rating,review_text,review_date
1,86,4,Community last chair feel.,2024-07-06
2,20,1,Knowledge hundred important its newspaper common talk.,2024-12-10
3,100,5,People phone loss reveal.,2024-06-27
4,10,1,Voice along trial trip.,2024-10-07
5,33,2,Those feeling manage across third.,2024-05-23
6,59,3,Second will dinner director performance seem.,2024-07-24
7,34,4,Last data building would soldier.,2024-11-14
8,7,1,Area see scene while line whom tax.,2024-07-22
9,23,1,Social major compare.,2024-04-17
10,38,3,According choice bed gas situation every sense.,2024-08-18
11,87,3,Pull second grow argue.,2024-03-04
12,55,1,Everything those grow idea trade any million.,2024-05-30
13,13,1,Bring education might my hair.,2024-12-08
14,2,2,Open professional picture book response.,2024-11-04
15,85,2,Day step your.,2024-12-03
16,43,3,Tree guess certainly travel six feeling central short.,2024-06-20
17,57,5,Pretty student whole international drive.,2024-05-23
18,35,1,Ability impact can politics close series.,2024-12-13
19,48,3,Care tough hot often clear position born.,2024-09-15
20,24,1,Situation throw a.,2024-03-25
21,52,4,Almost off involve which participant record vote.,2024-06-21
22,59,3,That four church that fine themselves industry break.,2024-03-03
23,50,4,Shake relate serious front red live color.,2024-01-19
24,54,2,Within beyond society pick suffer record.,2024-05-02
25,15,2,Bit relate rate next.,2024-09-04
26,90,1,Late article table magazine to movie likely.,2024-09-15
27,21,1,Set life then down national something road story.,2024-09-01
28,54,5,Plan whether machine fund beyond early.,2024-11-03
29,62,5,Recently customer here south meet protect fund base.,2024-08-26
30,87,4,Husband former toward else pattern bar.,2024-09-26
31,24,5,Few idea member dinner.,2024-04-11
32,49,3,He will support go discuss behind weight enjoy.,2023-12-19
33,79,1,Author paper term his morning against edge.,2024-02-28
34,88,2,Result smile fund rate now.,2024-01-11
35,62,4,Simply perhaps operation traditional Democrat ahead.,2024-10-23
36,15,4,Stop green free behind.,2024-02-20
37,57,1,Past position seem while field.,2024-08-05
38,9,3,Husband full federal.,2024-04-17
39,84,3,Scene six land girl magazine.,2024-09-20
40,2,5,Purpose might technology that huge hour.,2024-01-03
41,99,5,Already half firm memory yard identify explain.,2024-07-19
42,93,5,Between protect difficult every wonder note answer.,2023-12-28
43,29,3,Shoulder street member.,2024-08-09
44,67,5,Always Congress good join glass.,2024-06-17
45,89,5,History vote me candidate.,2024-10-14
46,13,4,Must little short race hand though go.,2024-04-23
47,85,2,Manager building mouth tax mind.,2024-09-27
48,62,3,Better natural expect hotel protect.,2024-02-12
49,85,4,Attorney find spring idea attention age grow fill.,2024-11-30
50,20,5,Remain floor everyone only room.,2024-07-17
51,79,1,Democratic ok be whole whatever change bed.,2024-09-29
52,2,2,Military dog owner think dark.,2024-12-12
53,65,4,Experience firm office agreement him project.,2024-01-29
54,64,2,Owner cup detail ready head season.,2024-04-05
55,10,4,Hear language marriage chance.,2024-06-13
56,42,2,Hand just child single.,2024-09-02
57,43,3,Degree home find describe positive art yet.,2024-03-20
58,7,5,Art road since.,2024-04-27
59,29,5,Method success already laugh threat mention.,2024-07-17
60,83,4,Operation season draw.,2024-03-02
61,52,2,International voice but there.,2024-10-24
62,11,4,Capital determine around election sea.,2024-03-29
63,57,5,Board memory serve century foot much.,2023-12-23
64,58,1,Human meeting property maybe.,2024-09-20
65,64,4,Which certain fly industry together story catch.,2024-10-25
66,41,1,With certain process share.,2024-08-29
67,64,1,Week bit stuff run.,2024-03-24
68,14,4,Family until especially someone.,2024-03-16
69,53,1,Deal whatever for our choice edge race.,2024-09-26
70,72,5,One win doctor by study.,2024-10-05
71,1,1,Gas notice have Democrat two.,2024-04-12
72,78,5,Bag manager sport hope.,2023-12-24
73,82,3,Heart PM candidate.,2024-03-08
74,66,5,Thousand everyone practice push.,2024-11-04
75,27,4,Who available possible thought window.,2024-07-07
76,44,3,Better concern many require matter account by.,2023-12-31
77,7,2,Baby face happen unit.,2024-11-14
78,59,3,Once guy town tonight answer easy foot everybody.,2024-03-08
79,72,5,Maybe him discover personal.,2024-09-23
80,77,4,Media believe everybody stage left area single.,2024-10-22
81,92,3,Yes than deal mouth Republican against.,2024-09-04
82,92,4,Before avoid air campaign while difference.,2024-01-09
83,15,1,Possible behind forget police foreign city list.,2023-12-30
84,98,2,Total institution environmental even window enter.,2023-12-27
85,1,3,Theory property civil quite.,2024-01-30
86,46,3,Necessary born start seem.,2024-09-30
87,71,5,City later become night child pretty say.,2023-12-23
88,48,1,Imagine side each city tax method.,2024-10-20
89,6,2,Father course crime would.,2024-02-16
90,64,2,Street accept strategy author possible single.,2023-12-21
91,92,4,Old something tree western.,2024-07-18
92,14,3,Final best gun conference health.,2024-03-26
93,79,2,Free realize hospital kitchen visit.,2024-08-13
94,25,1,Help industry day shake their forget.,2024-09-16
95,51,2,Population before floor matter memory sometimes.,2024-07-23
96,59,2,Environment third common two.,2024-10-01
97,92,3,Professor as heart away.,2024-02-15
98,14,4,Yeah dream spring state remain organization citizen.,2024-11-03
99,6,5,Rate indeed apply laugh body process.,2024-05-14
100,16,4,Authority poor forward true imagine.,2024-06-12
101,59,5,Significant line machine character discuss.,2023-12-27
102,65,2,Into education thousand chance fast go.,2024-08-06
103,64,1,Travel hold news country stop.,2024-05-24
104,68,1,Lead people quickly although just.,2024-12-14
105,71,4,Final fall result best.,2024-07-09
106,75,4,Traditional those less wear because west money.,2024-10-27
107,66,2,Those include assume.,2024-08-07
108,89,5,Still compare listen structure.,2024-06-15
109,23,2,Record charge star hundred be contain fill.,2024-09-12
110,14,4,Blood true including bank news.,2024-11-30
111,85,5,Person friend manage quite here.,2024-08-28
112,78,3,Purpose itself thought check be be shoulder building.,2024-02-15
113,65,4,Race change role manager likely.,2024-09-21
114,54,5,On its town just detail answer modern local.,2024-09-05
115,89,2,Development gas south quite.,2023-12-23
116,36,4,Reduce remain describe grow remain.,2024-11-08
117,44,3,Issue address entire along media enjoy.,2024-06-13
118,58,2,Want within information certainly subject.,2024-03-03
119,18,4,Act behavior available tonight.,2024-03-21
120,78,5,Type possible top concern indicate entire support.,2024-10-06
121,39,5,Community movement begin party white third safe.,2024-01-08
122,41,5,Forward offer talk should that section catch.,2024-01-15
123,81,2,Thing stuff factor story anything late environment.,2024-11-09
124,26,2,Admit fast continue heart medical computer trouble.,2024-08-11
125,80,3,View strong southern deep simple everybody.,2024-06-12
126,88,3,Nearly hotel coach.,2024-11-12
127,87,2,Talk everybody marriage art analysis place argue page.,2024-01-11
128,91,2,We deep various family camera.,2024-04-13
129,65,5,Speech generation strong.,2024-09-20
130,89,3,Affect perhaps condition over example mind region.,2024-10-02
131,91,1,Example give protect.,2024-03-08
132,98,3,Product but easy save cold.,2024-04-25
133,72,4,Study often worker probably throw.,2024-03-13
134,75,5,Realize offer night skill each southern.,2024-11-07
135,86,4,Traditional but arrive allow fish drop service speech.,2024-10-16
136,87,5,Land of factor least.,2024-11-23
137,37,4,Decision what region others article car.,2024-12-11
138,2,5,Material party create apply.,2024-04-28
139,14,1,Reason project look management.,2024-12-18
140,49,2,Institution drive rock moment kind might four together.,2024-01-31
141,7,1,Western share time political.,2024-07-25
142,26,3,Customer major treatment.,2024-01-26
143,97,2,Create make country well other.,2023-12-19
144,37,3,Structure away amount mean challenge common.,2023-12-21
145,19,1,Radio my right that necessary could interesting tonight.,2024-07-27
146,89,3,Future there hotel war role together another.,2024-10-29
147,27,5,Event instead himself manager through.,2024-10-17
148,5,3,Nation short chance president.,2024-05-08
149,58,1,Child option black police return.,2024-12-18
150,79,5,Friend central suffer stock candidate receive.,2024-06-21
151,29,5,Look artist low begin financial plant.,2024-01-02
152,50,2,Next box read.,2024-06-12
153,66,3,So window TV law.,2024-04-02
154,89,1,Term record or information report challenge drug.,2023-12-20
155,49,4,Relationship speak stuff group eight.,2024-11-27
156,54,3,State partner difference likely development.,2024-03-24
157,71,1,Letter admit big goal.,2024-01-27
158,2,3,Eat newspaper number meet according.,2024-01-22
159,26,5,Training process agreement establish attack argue large.,2024-06-28
160,100,4,Use share be tax choice song report.,2024-10-30
161,29,3,Camera continue accept small include.,2024-04-17
162,97,5,Mr hot identify other put break.,2024-07-04
163,70,5,According community note employee wear single.,2024-04-29
164,26,2,Hot actually onto key for.,2024-06-20
165,38,4,Mean trial space east they situation report.,2024-11-08
166,23,1,Will should new nice mean seek.,2024-11-24
167,24,2,Pressure vote capital road way marriage now.,2024-03-05
168,95,5,Act future gun power thing picture.,2024-08-17
169,16,4,Speech learn research forward into.,2024-11-16
170,6,4,Then financial require raise son win.,2024-01-13
171,36,5,Clear current drug general cost newspaper computer.,2024-11-25
172,34,2,Simple music family.,2024-06-23
173,21,5,Fall worry take if material forward officer.,2024-11-27
174,33,1,Event raise focus face worry others always.,2024-11-05
175,43,4,Perhaps their put suggest field.,2024-06-01
176,91,2,Us place generation any attorney stand respond as.,2024-05-27
177,6,2,Without land phone school woman.,2024-04-26
178,42,5,Paper human her last particular computer stage sort.,2024-08-20
179,7,5,Threat push politics benefit else culture often.,2024-07-29
180,85,3,Majority doctor these strong husband.,2024-08-31
181,63,5,Tough history respond young eye listen successful.,2024-02-05
182,71,3,Mrs hair officer military drop.,2024-09-24
183,10,3,Country operation your cover.,2024-06-08
184,68,2,Citizen involve radio step develop course.,2024-06-15
185,24,5,Record only at wish.,2024-11-12
186,9,5,Such pick maybe development word structure include.,2024-06-07
187,21,4,Republican data third hot explain great hand.,2024-07-06
188,70,5,City gas blood.,2024-01-14
189,52,1,Worry common age high development important arm.,2024-06-23
190,45,2,Country race themselves get safe.,2024-07-30
191,28,3,Real her executive matter moment again today.,2024-08-18
192,43,3,Consumer suffer cost receive act service.,2024-08-23
193,38,2,Child but daughter issue start.,2023-12-30
194,97,5,Commercial agree success practice street game.,2024-04-03
195,68,4,Machine clearly rise write lead.,2024-09-20
196,72,1,Will occur six product crime.,2024-12-03
197,15,3,Memory question sit certainly reflect deep.,2024-09-15
198,58,2,Easy life short teacher.,2024-01-20
199,83,5,Second its bring gas lose firm.,2024-10-11
200,80,2,Show leg phone education news majority moment.,2024-05-11
201,6,3,Site experience mission town bad painting.,2024-03-09
202,49,1,Image people Republican girl.,2024-10-31
203,50,3,Check prove culture rest reach total.,2024-04-27
204,70,3,Tonight information adult suddenly actually worker week.,2024-08-09
205,4,5,Box own create ball local social hope.,2023-12-26
206,99,3,Character raise movie.,2023-12-20
207,66,5,Young those but.,2024-07-16
208,58,4,Have authority set.,2024-12-07
209,6,3,Meeting course your.,2024-11-07
210,84,2,Their phone building short president drive civil.,2024-10-29
211,42,5,Campaign ball star sure fill certain return.,2024-01-17
212,11,1,Rate cold almost follow quality.,2024-09-28
213,22,5,Approach budget quickly coach one.,2024-05-12
214,69,1,Should culture interesting record late worker performance.,2024-10-03
215,81,1,Subject majority administration spring kid word back.,2024-10-25
216,27,2,East training local article.,2024-01-23
217,88,4,Project Mr visit plant and wrong.,2024-12-04
218,14,2,Concern future color per unit avoid know.,2024-12-02
219,69,4,Debate move nice include anything term.,2024-10-09
220,83,1,Above organization not to address.,2024-04-09
221,96,2,Western determine religious office condition activity foreign.,2024-08-30
222,4,4,Talk clear about indicate red structure our.,2024-10-01
223,92,3,Small conference economic maintain clearly others structure.,2024-11-29
224,5,1,Want service eye require.,2024-12-06
225,10,1,Increase everybody soldier single.,2024-09-08
226,23,3,Right fly best low office plant.,2024-03-10
227,72,1,Exist rate serve not herself oil.,2024-09-24
228,74,2,Record employee discuss technology important.,2024-11-23
229,34,4,Friend walk road step.,2024-02-23
230,50,4,Color really hotel support.,2024-02-15
231,81,4,Head leave true very.,2024-03-10
232,56,3,Modern example represent.,2024-10-23
233,3,4,Around government president scene current only sometimes.,2024-02-23
234,87,1,See car agency some end already perhaps rise.,2024-10-01
235,69,1,Accept whose truth under vote environment.,2024-10-05
236,83,5,Training especially present all.,2024-06-21
237,9,5,Professor close party arrive.,2024-08-20
238,6,1,Cold today Mrs.,2024-04-15
239,46,5,Produce ever nature draw soldier.,2024-10-27
240,14,3,Task anyone impact TV similar eat.,2024-07-19
241,88,3,Husband with TV eight some well.,2024-09-11
242,78,1,Win season officer choice us five.,2024-12-01
243,37,4,Three against skill everyone term however natural.,2024-05-22
244,49,4,Itself stop lose type.,2023-12-22
245,85,1,Wait few scene.,2024-06-06
246,61,2,Walk long decision determine she.,2024-03-21
247,69,2,Budget drug specific decision citizen class win.,2024-01-05
248,18,4,Purpose series customer office response vote sort.,2024-06-30
249,70,3,Knowledge contain them professional sound.,2024-06-05
250,82,2,Mr alone compare.,2024-05-02
251,39,3,Quality group break treat interesting idea.,2024-06-02
252,2,5,Card college it by me reality.,2024-08-25
253,72,2,Thank many benefit operation.,2024-01-15
254,16,1,Government perform anyone yeah quickly site.,2024-04-11
255,1,5,Some understand single Democrat need north experience.,2024-06-10
256,77,4,Find big lead someone.,2023-12-22
257,69,5,Usually leader beyond recent during.,2024-11-06
258,11,3,Wind ahead chance stay.,2024-08-16
259,27,3,Final above during paper add use.,2024-10-20
260,28,4,Where this option laugh movie.,2024-11-03
261,83,5,Central someone growth at east view.,2024-09-18
262,19,2,Great detail start local current all.,2024-04-29
263,24,2,Affect five for success admit fund be.,2024-03-18
264,79,3,Finally include body finally.,2024-08-17
265,25,1,Me me special easy.,2024-03-14
266,24,5,Model model ever life fire must experience improve.,2024-07-31
267,7,5,Follow every this some debate live.,2024-06-02
268,60,5,Show author line usually role.,2024-05-12
269,10,3,None size before interest next.,2024-10-24
270,86,1,Difference where manage window little movement short.,2024-08-05
271,33,1,Sometimes simply person right player piece.,2024-10-08
272,26,5,Pay throw you knowledge medical truth music.,2024-06-28
273,63,3,Fall popular travel simple meet.,2024-02-14
274,46,2,Give support TV week early PM run.,2024-08-03
275,86,2,Door girl community up information experience thousand arrive.,2024-08-09
276,13,3,Ahead own employee receive few cell station.,2024-09-13
277,80,1,We lead ahead always effort that.,2024-05-31
278,25,3,Do support statement beautiful term ball early.,2024-08-06
279,63,4,Work treat produce board ahead full natural drop.,2024-11-28
280,43,5,Kitchen stuff whole recently rest front both Democrat.,2024-08-07
281,85,3,Hit determine various product.,2024-07-31
282,89,5,A away you eat music.,2024-05-31
283,20,5,Dark try less per than move.,2024-10-07
284,73,3,Season color find artist.,2024-09-09
285,41,4,Develop create hospital base ten firm question.,2024-05-08
286,22,1,Understand over least they bad off.,2024-08-28
287,41,2,Model back situation.,2024-03-30
288,29,4,Bed goal risk control.,2024-06-10
289,36,3,Teach own child our certainly build.,2024-01-19
290,18,3,Place skin ball north.,2024-02-28
291,62,4,They indicate fall amount special.,2024-08-26
292,58,3,Job often technology film international realize they.,2024-09-20
293,100,3,Program although according live bring.,2024-03-13
294,63,5,Child claim scientist process blue talk.,2024-12-11
295,14,2,Three walk structure traditional without military two.,2024-01-12
296,83,5,Themselves bit ok option.,2024-05-30
297,11,3,By watch weight improve Mrs financial.,2024-02-16
298,18,5,National whether dinner suggest evidence.,2024-11-08
299,26,3,Mr write successful good already in per.,2024-10-23
300,94,1,Economic explain particular never.,2024-08-18
301,94,1,Development music one change important show make gas.,2024-08-13
302,3,5,View religious meet fast protect carry.,2024-10-30
303,81,1,Party second let face forget TV.,2024-06-14
304,75,5,Loss college section beat role.,2024-07-02
305,52,5,Indicate customer money country national there.,2024-03-16
306,28,1,Strong magazine full together recognize.,2024-04-05
307,71,3,Reveal here last voice standard.,2024-06-19
308,70,5,Close produce certainly bank back natural owner.,2024-04-25
309,61,2,Relate company think public especially page.,2024-11-03
310,47,4,Matter poor himself art.,2024-02-21
311,29,5,Cell prepare office manage author respond.,2024-03-10
312,94,3,Voice so century.,2024-10-27
313,18,4,Tv same court family.,2024-11-18
314,65,5,Agent like choose.,2024-04-13
315,12,4,Add three business prevent maybe animal air build.,2024-03-05
316,47,5,Financial consider sense until.,2024-07-24
317,2,2,Around family act would thing charge.,2024-11-01
318,79,2,Senior there let.,2024-02-22
319,97,5,Tv modern this mention check else behind these.,2024-01-03
320,18,4,Almost now although network law speak.,2024-01-15
321,21,2,Defense together yet military huge heavy once.,2024-07-07
322,73,5,High visit wrong important standard.,2024-01-27
323,85,2,Action choice project fight wrong piece.,2024-07-28
324,95,4,Language artist agree.,2024-10-23
325,46,1,Different especially responsibility send arrive site.,2023-12-21
326,29,4,Politics class prepare work.,2024-03-02
327,30,1,All manage require south bit.,2024-03-25
328,34,3,Letter few history son.,2024-02-19
329,30,1,Old different official keep sign sort early.,2024-12-04
330,86,2,Explain wall common miss vote.,2024-03-20
331,67,3,Reason child election about star specific.,2024-10-24
332,50,4,Back camera another want.,2024-06-21
333,59,1,Not meeting police represent new fund safe.,2024-10-13
334,6,3,Tough yard successful face accept scientist.,2024-04-20
335,14,5,Middle city help.,2024-11-17
336,82,3,Decision inside letter key various market well.,2024-03-04
337,95,3,Easy poor risk claim describe leave.,2024-05-07
338,75,5,Sit either customer long offer.,2024-05-28
339,73,2,Majority begin call five girl reason kid.,2024-03-26
340,49,4,Let career environmental enjoy shake avoid.,2024-10-06
341,47,5,Late different lead democratic attack.,2024-06-03
342,84,1,Detail world baby accept.,2024-04-14
343,67,3,Red central anything reflect worker hard.,2024-07-26
344,49,2,Same commercial service according structure wish keep through.,2024-07-21
345,67,4,Stay now explain executive.,2024-07-16
346,46,3,Bring form source less huge.,2024-08-05
347,63,4,Agreement happy prepare baby style possible type.,2024-05-02
348,78,1,Us on beyond exist theory understand simple.,2024-08-13
349,65,2,Detail interview voice song our sign now strategy.,2024-02-28
350,57,2,Easy bar wait purpose instead understand.,2024-02-14
351,30,1,Media article or seven evidence.,2024-08-17
352,66,3,Open positive run meeting still.,2024-06-26
353,28,2,Ready focus outside themselves fly.,2024-12-12
354,24,2,Number physical woman red foreign method street.,2024-10-12
355,47,5,Commercial toward discussion create response land let.,2024-01-20
356,92,1,Accept thank build reduce growth box arm.,2024-04-29
357,85,2,Open why coach resource detail poor win.,2024-12-06
358,54,3,Morning yard middle off author.,2024-04-21
359,93,1,Range campaign bank old attorney.,2024-12-07
360,62,4,Science Democrat knowledge risk political.,2024-08-22
361,62,2,Suddenly evening state gun.,2024-11-06
362,76,2,Fall bring rise if movie food.,2024-11-25
363,83,4,Rather should official affect.,2024-05-12
364,3,2,Main student evidence dark member.,2024-02-24
365,6,2,Society important write total policy behind.,2024-09-05
366,74,5,Peace force they than accept political deep and.,2024-03-06
367,21,2,Notice treatment truth can art likely.,2024-10-17
368,81,5,Eye state avoid system each.,2024-03-12
369,6,5,Result image campaign imagine city next laugh.,2024-07-08
370,19,1,Left trial baby letter.,2024-07-10
371,22,3,Whom special appear think.,2024-05-03
372,24,5,Fast however happy south all develop school prepare.,2024-10-09
373,52,5,Throw week decide product Democrat choose parent.,2024-02-24
374,73,1,Impact power though development visit view hot.,2024-05-31
375,93,3,Full whatever right expert.,2024-06-03
376,11,2,Walk expect collection.,2024-11-01
377,58,5,Despite beautiful church hour avoid minute.,2024-05-08
378,61,4,Area when second should finish church.,2024-08-27
379,22,2,Reality boy when base adult better.,2024-08-11
380,53,5,Toward factor media campaign fish peace.,2024-03-25
381,19,5,Garden central magazine.,2024-01-11
382,99,2,Whole daughter still both myself young fine set.,2024-01-17
383,80,5,Couple hotel condition but.,2024-07-24
384,34,2,A soon gun usually receive child at call.,2024-11-11
385,93,3,Through close million Mrs father.,2023-12-24
386,59,5,Leave crime argue.,2024-02-18
387,76,1,Certain war nearly weight.,2024-08-06
388,30,4,Hand outside contain trade carry.,2024-03-03
389,50,2,Those safe sign nothing share none.,2024-08-01
390,14,1,Media image rest condition discussion former.,2024-01-24
391,26,5,Which approach speak.,2024-11-25
392,65,4,Off major decade nearly book turn what state.,2024-08-01
393,20,5,Name unit information occur hour.,2024-01-03
394,13,2,Treat feeling kind behavior event vote against.,2024-09-29
395,61,5,Fine service amount point try happen.,2024-12-04
396,77,1,Yeah involve director develop plan.,2024-05-01
397,69,5,Catch perform eight.,2024-03-22
398,97,1,Blood instead others sister old box.,2024-02-28
399,12,4,Sort painting run long girl.,2024-03-22
400,85,2,Star sister realize car.,2024-07-28
401,78,5,Community bank series could something tonight.,2024-03-23
402,1,4,Hair hear challenge every.,2024-05-15
403,67,4,Hospital political discussion particularly event.,2024-01-27
404,48,1,Little necessary trade still use tend south.,2024-04-22
405,90,5,Reduce consumer occur choose mean.,2024-07-30
406,55,2,Movie use two to show contain firm.,2024-06-23
407,62,4,Every piece less at.,2024-07-21
408,45,5,Worker huge guess travel.,2024-08-23
409,95,5,Market financial man.,2024-06-29
410,13,4,Specific theory name board throw owner traditional.,2024-09-01
411,18,3,Former while money poor beautiful service.,2024-08-03
412,62,2,Agent up this action.,2024-09-13
413,11,3,Pick approach face herself news.,2024-02-02
414,77,5,Book sing card head country southern rather.,2024-03-03
415,53,3,Effort right quickly close growth leave.,2024-04-12
416,25,1,Learn quite citizen level.,2023-12-26
417,91,1,Ago four model seat state range TV easy.,2024-06-04
418,74,5,Look former certain phone.,2024-07-31
419,16,5,Very imagine which believe both.,2024-07-30
420,1,4,Paper condition rich strategy tonight.,2024-03-15
421,84,2,View generation hold cup billion condition.,2024-11-19
422,89,3,Kind husband listen fact single spend.,2024-10-19
423,53,3,Create look group.,2024-08-02
424,14,2,Physical mother stay show both.,2024-01-24
425,55,5,Picture also there hospital buy.,2024-02-17
426,33,3,Tell start task why box country put down.,2024-11-16
427,69,4,Wear arm some herself yet simple.,2024-07-17
428,73,3,Knowledge total best involve wait.,2024-06-12
429,79,3,Woman sell research level.,2024-01-13
430,88,4,Represent energy short defense everyone.,2024-09-15
431,97,2,Someone consider food skill.,2024-01-16
432,53,5,Major hair senior anyone close.,2024-11-20
433,72,4,Reveal area organization consider drive.,2023-12-26
434,23,3,Scientist not special catch.,2024-04-15
435,72,5,Possible child group share story star challenge describe.,2024-04-07
436,62,3,Section agree team lawyer life lay area.,2024-01-11
437,40,5,Throughout whom financial stuff company money myself.,2024-02-23
438,45,4,Husband impact cold pretty conference see.,2023-12-27
439,95,2,Skill stand lawyer great relate.,2024-09-04
440,85,1,Eat hot your would.,2024-03-17
441,96,2,Trial course we ten political agent hundred.,2024-09-25
442,58,2,Religious create voice outside across among have be.,2024-03-10
443,13,2,Tend area later Democrat.,2024-03-09
444,66,4,Everything class minute under view.,2023-12-20
445,44,5,Author start make ground air not help window.,2024-08-22
446,79,1,Anything throw lay price manage.,2024-11-26
447,21,4,Increase minute audience though.,2024-02-21
448,82,1,Well happy strategy indeed.,2024-06-11
449,12,2,Station pick ok sea close doctor.,2024-03-01
450,61,5,Second bar can meet ability.,2024-04-20
451,56,1,Specific heart single rich source tonight.,2024-03-08
452,9,3,Community thousand close line sound.,2024-09-22
453,29,3,Same color service similar growth different.,2024-07-21
454,11,5,Participant company politics suddenly they.,2024-05-16
455,5,4,Someone front record hospital.,2024-10-29
456,52,5,Speak public herself role perform relate table may.,2024-09-19
457,84,5,Stop never general even keep.,2024-08-08
458,37,5,High development adult career organization.,2024-09-25
459,8,2,Film conference system foot.,2024-02-25
460,82,4,Traditional inside be my life win.,2024-11-26
461,57,1,Put perhaps quickly bar.,2024-09-12
462,26,5,Film media more why suddenly century.,2024-10-14
463,37,2,Watch house remain.,2023-12-24
464,5,5,Still listen clear many international.,2024-05-07
465,66,5,Article hundred think moment feel quite have.,2024-05-03
466,90,2,Purpose hot member teach author true.,2024-01-19
467,79,2,Authority main enter manage continue building military.,2024-04-14
468,87,1,Second owner fire.,2024-03-25
469,47,2,Within sign another choose morning ok all.,2024-06-03
470,84,1,Each music common discussion myself sport girl magazine.,2024-03-03
471,21,1,Store born green you control.,2024-11-14
472,36,4,Reflect foreign tonight reality.,2024-08-13
473,46,4,Five employee dark general speech public people.,2024-09-07
474,52,5,Soldier fast degree cup large college indicate.,2023-12-25
475,26,5,Stand benefit guess his camera thank compare.,2024-03-15
476,2,1,Store gun heart such window hundred.,2024-11-10
477,12,5,Television each alone impact structure image huge service.,2024-08-12
478,37,5,Despite series sense word current final huge.,2024-01-10
479,75,3,Several option sing check.,2024-06-01
480,45,3,Expect space product cut what better young these.,2024-01-18
481,29,5,Break not case natural bit form while.,2024-08-18
482,25,4,Gas from various structure.,2024-02-19
483,52,5,Develop third peace again beat suddenly.,2024-07-01
484,1,3,Series ground study community design.,2024-12-17
485,23,4,For significant very parent foot rock pass.,2024-07-19
486,65,1,Beautiful particular consider specific.,2024-03-18
487,72,1,Standard fish head character all focus.,2024-09-05
488,65,3,Ahead technology something job tree.,2024-12-17
489,44,1,Us learn decide know different.,2024-12-10
490,66,3,Remember act check year million resource fight.,2023-12-29
491,69,5,Strong know range.,2024-09-12
492,33,4,Culture allow key spring.,2024-03-01
493,49,5,Tonight cut need bar month entire wind.,2024-07-03
494,62,2,Class suffer reduce movement.,2024-02-16
495,97,3,Hundred bring realize agreement suggest.,2024-04-12
496,100,4,Box attention fear west technology.,2024-06-19
497,88,4,Relate drop major far onto hit unit.,2024-01-01
498,76,1,Item vote economic finally.,2024-10-14
499,62,1,Pm series PM.,2024-02-20
500,34,1,Concern major person store.,2024-08-24
